{
  "num_mip_levels": 4,
  "padding": 8,
  "resource_pack_name": "vanilla",
  "texture_data": {
    "acacia_fence": {
      "textures": "textures/blocks/acacia_fence"
    },
    "birch_fence": {
      "textures": "textures/blocks/birch_fence"
    },
    "cherry_fence": {
      "textures": "textures/blocks/cherry_fence"
    },
    "crimson_fence": {
      "textures": "textures/blocks/crimson_fence"
    },
    "dark_oak_fence": {
      "textures": "textures/blocks/dark_oak_fence"
    },
    "fences": {
      "textures": [
        "textures/blocks/oak_fence",
        "textures/blocks/spruce_fence",
        "textures/blocks/birch_fence",
        "textures/blocks/jungle_fence",
        "textures/blocks/acacia_fence",
        "textures/blocks/dark_oak_fence"
      ]
    },
    "jungle_fence": {
      "textures": "textures/blocks/jungle_fence"
    },
    "mangrove_fence": {
      "textures": "textures/blocks/mangrove_fence"
    },
    "oak_fence": {
      "textures": "textures/blocks/oak_fence"
    },
    "spruce_fence": {
      "textures": "textures/blocks/spruce_fence"
    },
    "warped_fence": {
      "textures": "textures/blocks/warped_fence"
    },
    "acacia_fence_gate": {
      "textures": "textures/blocks/acacia_fence_gate"
    },
    "birch_fence_gate": {
      "textures": "textures/blocks/birch_fence_gate"
    },
    "cherry_fence_gate": {
      "textures": "textures/blocks/cherry_fence_gate"
    },
    "crimson_fence_gate": {
      "textures": "textures/blocks/crimson_fence_gate"
    },
    "dark_oak_fence_gate": {
      "textures": "textures/blocks/dark_oak_fence_gate"
    },
    "jungle_fence_gate": {
      "textures": "textures/blocks/jungle_fence_gate"
    },
    "mangrove_fence_gate": {
      "textures": "textures/blocks/mangrove_fence_gate"
    },
    "oak_fence_gate": {
      "textures": "textures/blocks/oak_fence_gate"
    },
    "spruce_fence_gate": {
      "textures": "textures/blocks/spruce_fence_gate"
    },
    "warped_fence_gate": {
      "textures": "textures/blocks/warped_fence_gate"
    }
  },
  "texture_name": "atlas.terrain"
}
